Name,Farm_ID
Kimberlyn Kyrkeman,27
Lorena Estevez,5
Britteny Antat,8
Bruis Halmkin,27
Tilly Sweetmore,3
Lin Pickavant,2
Dane Lamswood,5
Emily De La Haye,32
Gallagher Scamerdine,22
Kylila Vallis,31
Emili Cud,16
Ruy Matyushkin,7
Jennilee Haslegrave,2
Tabbatha Gerg,19
Hubie Tothe,5
Kylila Vallis,39
Ad Alesi,11
Linzy Creser,37
Helen-elizabeth Feldbrin,36
Tilly Sweetmore,13
Hubie Tothe,4
Sonny Spindler,20
Helen-elizabeth Feldbrin,20
Helen-elizabeth Feldbrin,29
Helen-elizabeth Feldbrin,19
Jasper Baud,40
Mace Benech,12
Salim Pires,37
Mace Benech,14
Niccolo Spieght,5
Lorena Estevez,32
Titos Piatkow,13
Gratiana Huckstepp,24
Sonny Spindler,40
Hubie Tothe,1
Maddi Turbill,31
Monica Izkovitz,5
Emily De La Haye,3
Emili Cud,8
Tiebout Timby,35
Antoni Cordet,15
Helen-elizabeth Feldbrin,2
Tabbatha Gerg,20
Zack Lehmann,4
Kimberlyn Kyrkeman,35
Tabbatha Gerg,17
Hubie Tothe,36
Tilly Sweetmore,10
Auria Dods,35
Emily De La Haye,29
Tiebout Timby,2
Jasper Baud,31
Monica Izkovitz,11
Britteny Antat,17
Sonny Spindler,25
Dane Lamswood,35
Zack Lehmann,2
Ruy Matyushkin,40
Kylila Vallis,31
Torrey Powton,21
Linzy Creser,15
Hubie Tothe,20
Gallagher Scamerdine,18
Monica Izkovitz,8
Torrey Powton,33
Burr Rushford,9
Brandie Cropp,31
Kimberlyn Kyrkeman,1
Kimberlyn Kyrkeman,30
Ad Alesi,12
Jennilee Haslegrave,13
Linzy Creser,33
Britteny Antat,14
Titos Piatkow,12
Ruy Matyushkin,40
Kelley Merfin,24
Helen-elizabeth Feldbrin,2
Titos Piatkow,33
Evaleen Ind,27
Ruy Matyushkin,13
Evaleen Ind,21
Dorry Figg,3
Tabbatha Gerg,29
Jennilee Haslegrave,12
Antoni Cordet,9
Jennilee Haslegrave,36
Monica Izkovitz,32
Kylila Vallis,37
Bruis Halmkin,4
Jennilee Haslegrave,34
Nancey Camps,29
Burr Rushford,24
Monica Izkovitz,26
Maddi Turbill,2
Mace Benech,21
Bruis Halmkin,16
Gallagher Scamerdine,15
Nancey Camps,17
Tiebout Timby,27
Gallagher Scamerdine,17
Evaleen Ind,33
Mace Benech,23
Kylila Vallis,20
Emily De La Haye,7
Brandie Cropp,13
Lin Pickavant,19
Jennilee Haslegrave,13
Kylila Vallis,39
Tilly Sweetmore,16
Britteny Antat,25
Maddi Turbill,25
Titos Piatkow,28
Helen-elizabeth Feldbrin,11
Gratiana Huckstepp,33
Niccolo Spieght,2
Linzy Creser,27
Dorry Figg,19
Gallagher Scamerdine,1
Emili Cud,4
Auria Dods,32
Kelley Merfin,4
Lorrin Keele,25
Monica Izkovitz,20
Emili Cud,4
Linzy Creser,13
Gratiana Huckstepp,14
Auria Dods,26
Antoni Cordet,22
Winna Sliman,1
Lorena Estevez,14
Kelley Merfin,40
Torrey Powton,11
Emily De La Haye,24
Tilly Sweetmore,27
Burr Rushford,4
Dorry Figg,38
Torrey Powton,30
Evaleen Ind,25
Tabbatha Gerg,10
Evaleen Ind,14
Jasper Baud,18
Torrey Powton,37
Ad Alesi,22
Tiebout Timby,15
Gallagher Scamerdine,10
Sonny Spindler,32
Nancey Camps,36
Antoni Cordet,8
Ad Alesi,36
Winna Sliman,22
Tiebout Timby,18
Niccolo Spieght,28
Auria Dods,17
Kimberlyn Kyrkeman,17
Kelley Merfin,15
Tilly Sweetmore,7
Dorry Figg,11
Britteny Antat,12
Jennilee Haslegrave,33
Jasper Baud,24
Emili Cud,24
Ruy Matyushkin,5
Evaleen Ind,22
Niccolo Spieght,39
Lin Pickavant,38
Dorry Figg,10
Jennilee Haslegrave,32
Mace Benech,30
Britteny Antat,40
Sonny Spindler,10
Tilly Sweetmore,4
Gallagher Scamerdine,20
Bruis Halmkin,40
Lorena Estevez,21
Jasper Baud,14
Niccolo Spieght,10
Niccolo Spieght,2
Lorena Estevez,26
Winna Sliman,22
Tilly Sweetmore,31
Gallagher Scamerdine,20
Torrey Powton,39
Evaleen Ind,19
Maddi Turbill,31
Kylila Vallis,38
Kimberlyn Kyrkeman,30
Evaleen Ind,24
Emili Cud,14
Dane Lamswood,10
Lorrin Keele,16
Evaleen Ind,31
Bruis Halmkin,40
Tilly Sweetmore,31
Titos Piatkow,9
Salim Pires,1
Burr Rushford,3
Emily De La Haye,4
Sonny Spindler,6
Niccolo Spieght,10
Tilly Sweetmore,36
