Name,Crop_Type
Gianna Blore,Wood Chips - Regular
Baryram Fairney,Muffin Mix - Morning Glory
Elene Ricioppo,Veal - Kidney
Nap Caldera,Sugar - Palm
Dunc Eton,Cake - Bande Of Fruit
Rey Ruddin,Arizona - Plum Green Tea
Giles Berard,Cheese - Grie Des Champ
Rafaello Dryden,Mushroom - Lg - Cello
Olvan Hackleton,Pear - Prickly
Giles Berard,Mushroom - Porcini Frozen
Krystle Bouller,Bagelers - Cinn / Brown
Justinian Tomala,Muffin Batt - Choc Chk
Neall Quigley,"Turkey - Breast, Smoked"
Kit Waywell,Sprouts - Corn
Fiann Windsor,Sea Bass - Fillets
Margaux Lutsch,Sprouts - Corn
Brear Essex,Vinegar - Sherry
Kit Waywell,Sauce - Hollandaise
Margaux Lutsch,Cheese - Fontina
Nap Caldera,Island Oasis - Mango Daiquiri
Kit Waywell,Mushroom - Lg - Cello
Giles Berard,Oil - Peanut
Delinda Sterndale,Island Oasis - Cappucino Mix
Orsola Paggitt,Sugar - Palm
Dunc Eton,Muffin Batt - Choc Chk
Nap Caldera,Egg - Salad Premix
Germayne Wiseman,Shrimp - Black Tiger 26/30
Rey Ruddin,Lime Cordial - Roses
Nataline Goodbarne,Brandy Apricot
Ella Rodrigo,Tea - Lemon Scented
Ella Rodrigo,Island Oasis - Cappucino Mix
Antin Southey,Campari
Krystle Bouller,Sauce - Hollandaise
Antin Southey,Cheese - Grie Des Champ
Adrea Hagan,Tea - Lemon Scented
Norbie McEachern,Cheese - Grie Des Champ
Janenna Pryer,Sprouts - Corn
Artemis Walshaw,Vinegar - Sherry
Rey Ruddin,Sea Bass - Fillets
Giles Berard,Veal - Kidney
Hewe Railton,Eggplant - Baby
Nataline Goodbarne,Cake - Bande Of Fruit
Norbie McEachern,Tea - Lemon Scented
Dunc Eton,"Crush - Orange, 355ml"
Eva Dearlove,Muffin Batt - Choc Chk
Nataline Goodbarne,Energy Drink Red Bull
Web Ingarfield,Island Oasis - Mango Daiquiri
Rey Ruddin,Egg - Salad Premix
Baryram Fairney,Arizona - Plum Green Tea
Justinian Tomala,Chicken - Whole Fryers
Norbie McEachern,Veal - Kidney
Elene Ricioppo,Cake - Bande Of Fruit
Nataline Goodbarne,"Onions - Dried, Chopped"
Margaux Lutsch,Cardamon Ground
Artemis Walshaw,Campari
Rey Ruddin,Cheese - Fontina
Raimondo de Wilde,"Onions - Dried, Chopped"
Raimondo de Wilde,"Onions - Dried, Chopped"
Baryram Fairney,Chicken - Whole Fryers
Eva Dearlove,Sea Bass - Fillets
Mariya Membry,Egg - Salad Premix
Janenna Pryer,Sprouts - Corn
Norbie McEachern,"Nut - Pistachio, Shelled"
Germayne Wiseman,Vinegar - White Wine
Rey Ruddin,Wood Chips - Regular
Eva Dearlove,Cake - Bande Of Fruit
Web Ingarfield,Tea - Lemon Scented
Adrea Hagan,Cardamon Ground
Rey Ruddin,Brandy Apricot
Mariya Membry,Island Oasis - Cappucino Mix
Neall Quigley,Pie Box - Cello Window 2.5
Giles Berard,Vinegar - Sherry
Orsola Paggitt,Bagelers - Cinn / Brown
Rafaello Dryden,Veal - Kidney
Mariya Membry,"Nut - Pistachio, Shelled"
Justinian Tomala,Arizona - Plum Green Tea
Baryram Fairney,Sauce - Hollandaise
Krystle Bouller,Cloves - Ground
Web Ingarfield,Egg - Salad Premix
Murdock Fines,Tea - Lemon Scented
Web Ingarfield,Sugar - Palm
Hedwig Labbett,Cake - Bande Of Fruit
Brear Essex,Mushroom - Lg - Cello
Rey Ruddin,Cake - Bande Of Fruit
Fiann Windsor,Veal - Kidney
Kalindi Freyn,Pork - Caul Fat
Mareah Jacop,Tea - Lemon Scented
Hewe Railton,Sprouts - Corn
Web Ingarfield,Cheese - Fontina
Gianna Blore,"Nut - Pistachio, Shelled"
Kit Waywell,Muffin Batt - Choc Chk
Kit Waywell,Mushroom - Lg - Cello
Brear Essex,Cheese - Grie Des Champ
Raimondo de Wilde,Sea Bass - Fillets
Nataline Goodbarne,Vinegar - White Wine
Dunc Eton,Vinegar - White Wine
Giles Berard,Island Oasis - Cappucino Mix
Pollyanna Widdecombe,Shrimp - Black Tiger 26/30
Pollyanna Widdecombe,Veal - Kidney
Delinda Sterndale,Arizona - Plum Green Tea
Nataline Goodbarne,Egg - Salad Premix
Farra Garrick,Cheese - Grie Des Champ
Farra Garrick,Cheese - Fontina
Enoch Nelles,"Wine - White, Schroder And Schyl"
Rafaello Dryden,Wood Chips - Regular
Adrea Hagan,Sauce - Hollandaise
Giles Berard,Island Oasis - Mango Daiquiri
Olvan Hackleton,Pie Box - Cello Window 2.5
Krystle Bouller,Vinegar - White Wine
Baryram Fairney,Energy Drink Red Bull
Mariya Membry,Cloves - Ground
Rey Ruddin,Oil - Peanut
Murdock Fines,Vinegar - White Wine
Adrea Hagan,"Nut - Pistachio, Shelled"
Giles Berard,Cloves - Ground
Orsola Paggitt,Bagelers - Cinn / Brown
Mariya Membry,Vinegar - Sherry
Enoch Nelles,Pear - Prickly
Norbie McEachern,Energy Drink Red Bull
Nap Caldera,Veal - Kidney
Farra Garrick,Sprouts - Corn
Elene Ricioppo,Tea - Lemon Scented
Farra Garrick,Cardamon Ground
Neall Quigley,Shrimp - Black Tiger 26/30
Rey Ruddin,Oil - Peanut
Gar Wiper,Sauce - Hollandaise
Farra Garrick,Sugar - Palm
Krystle Bouller,Sprouts - Corn
Antin Southey,Sauce - Hollandaise
Web Ingarfield,Veal - Kidney
Olvan Hackleton,Energy Drink Red Bull
Gar Wiper,Campari
Baryram Fairney,Brandy Apricot
Eva Dearlove,Eggplant - Baby
Brear Essex,Sauce - Hollandaise
Kit Waywell,Island Oasis - Mango Daiquiri
Delinda Sterndale,Cheese - Fontina
Olvan Hackleton,"Crush - Orange, 355ml"
Norbie McEachern,"Turkey - Breast, Smoked"
Eva Dearlove,Energy Drink Red Bull
Adrea Hagan,Veal - Kidney
Kit Waywell,Ice Cream - Vanilla
Delinda Sterndale,Lime Cordial - Roses
Gianna Blore,Cheese - Grie Des Champ
Rey Ruddin,Cake - Bande Of Fruit
Murdock Fines,"Wine - White, Schroder And Schyl"
Monah Radborn,Veal - Kidney
Rey Ruddin,"Nut - Pistachio, Shelled"
Ella Rodrigo,Muffin Batt - Choc Chk
Olvan Hackleton,"Turkey - Breast, Smoked"
Adrea Hagan,Vinegar - White Wine
Orsola Paggitt,Pie Box - Cello Window 2.5
Nap Caldera,Island Oasis - Cappucino Mix
Gar Wiper,Cheese - Grie Des Champ
Hedwig Labbett,Campari
Nap Caldera,Island Oasis - Cappucino Mix
Enoch Nelles,Egg - Salad Premix
Brear Essex,Campari
Gianna Blore,Muffin Mix - Morning Glory
Baryram Fairney,Chicken - Whole Fryers
Dunc Eton,Cake - Bande Of Fruit
Rafaello Dryden,Shrimp - Black Tiger 26/30
Ella Rodrigo,"Turkey - Breast, Smoked"
Enoch Nelles,Muffin Batt - Choc Chk
Justinian Tomala,Muffin Mix - Morning Glory
Hewe Railton,Cloves - Ground
Antin Southey,Lime Cordial - Roses
Elene Ricioppo,Arizona - Plum Green Tea
Margaux Lutsch,Cake - Bande Of Fruit
Rafaello Dryden,Chicken - Whole Fryers
Nataline Goodbarne,Pear - Prickly
Elene Ricioppo,"Crush - Orange, 355ml"
Antin Southey,Pork - Caul Fat
Hedwig Labbett,Shrimp - Black Tiger 26/30
Justinian Tomala,Island Oasis - Cappucino Mix
Web Ingarfield,Cheese - Fontina
Eva Dearlove,Cake - Bande Of Fruit
Olvan Hackleton,Cake - Bande Of Fruit
Krystle Bouller,"Wine - White, Schroder And Schyl"
Artemis Walshaw,Campari
Murdock Fines,"Onions - Dried, Chopped"
Krystle Bouller,Vinegar - Sherry
Adrea Hagan,Island Oasis - Mango Daiquiri
Raimondo de Wilde,Wood Chips - Regular
Nap Caldera,Pie Box - Cello Window 2.5
Murdock Fines,"Onions - Dried, Chopped"
Gar Wiper,Pear - Prickly
Baryram Fairney,Sea Bass - Fillets
Germayne Wiseman,"Turkey - Breast, Smoked"
Janenna Pryer,Sugar - Palm
Nataline Goodbarne,"Wine - White, Schroder And Schyl"
Krystle Bouller,Shrimp - Black Tiger 26/30
Janenna Pryer,"Crush - Orange, 355ml"
Neall Quigley,Wood Chips - Regular
Rafaello Dryden,Muffin Mix - Morning Glory
Gianna Blore,Vinegar - White Wine
Gar Wiper,Cheese - Grie Des Champ
Ella Rodrigo,Campari
Gar Wiper,Sugar - Palm
Nap Caldera,Ice Cream - Vanilla
